日系可愛配色胸口刺繡舒適透氣上衣（100%棉）,1,上著,短袖,女,1080
多功能4WAY堨~兩穿自由自在中鋪棉防寒外套（袖子可拆）,2,上著,外套,女,1880
綺麗上品質感光滑華奢摺線上衣,3,上著,短袖,女,1080
上品質感可愛美腿親膚剪綵蛋糕裙,4,下著,長裙,女,1980
華奢美感小花餅多穿法透膚上衣,5,上著,長袖,女,1080
復古立體波紋連帽鋪棉保暖外套（男女可穿）,6,上著,外套,男,1680
復古韓系印刷舒適寬鬆上衣（男女可穿）,7,上著,短袖,男,1380
荷花漣漪可愛心機顯腿長短褲裙,8,下著,短裙,女,1180
酷甜可調節線條造型舒適寬褲（男女可穿）,9,下著,長褲,男,1780
機能魅力工裝可縮口寬褲（男女可穿）,10,下著,長褲,男,1080
日系搖曳質感美腿伸縮舒適落地寬褲,11,下著,長褲,女,980
主役級可愛2WAY點點紡紗百褶長裙,12,下著,長裙,女,1780
日系配色落肩街頭造型短袖上衣（男女可穿｜100%棉）,13,上著,短袖,男,1480
,14,,,,
,15,,,,
,16,,,,
,17,,,,
,18,,,,
,19,,,,
,20,,,,
,21,,,,
,22,,,,
,23,,,,
,24,,,,
,25,,,,
,26,,,,
,27,,,,
,28,,,,
,29,,,,
,30,,,,
